symbol,name,sector,exchange,yahoo_symbol
RELIANCE,Reliance Industries,Oil Gas & Consumable Fuels,NSE,
ONGC,Oil & Natural Gas Corporation,Oil Gas & Consumable Fuels,NSE,
IOC,Indian Oil Corporation,Oil Gas & Consumable Fuels,NSE,
BPCL,Bharat Petroleum Corporation,Oil Gas & Consumable Fuels,NSE,
GAIL,GAIL India,Oil Gas & Consumable Fuels,NSE,
TCS,Tata Consultancy Services,Information Technology,NSE,
INFY,Infosys,Information Technology,NSE,
HCLTECH,HCL Technologies,Information Technology,NSE,
WIPRO,Wipro,Information Technology,NSE,
TECHM,Tech Mahindra,Information Technology,NSE,
LTM,LTM Limited (ex-LTIMindtree),Information Technology,NSE,
PERSISTENT,Persistent Systems,Information Technology,NSE,
HDFCBANK,HDFC Bank,Financial Services,NSE,
ICICIBANK,ICICI Bank,Financial Services,NSE,
SBIN,State Bank of India,Financial Services,NSE,
KOTAKBANK,Kotak Mahindra Bank,Financial Services,NSE,
AXISBANK,Axis Bank,Financial Services,NSE,
INDUSINDBK,IndusInd Bank,Financial Services,NSE,
BAJFINANCE,Bajaj Finance,Financial Services,NSE,
BAJAJFINSV,Bajaj Finserv,Financial Services,NSE,
HDFCLIFE,HDFC Life Insurance,Financial Services,NSE,
SBILIFE,SBI Life Insurance,Financial Services,NSE,
ICICIGI,ICICI Lombard General Insurance,Financial Services,NSE,
PFC,Power Finance Corporation,Financial Services,NSE,
RECLTD,REC Limited,Financial Services,NSE,
HINDUNILVR,Hindustan Unilever,Fast Moving Consumer Goods,NSE,
ITC,ITC Limited,Fast Moving Consumer Goods,NSE,
NESTLEIND,Nestle India,Fast Moving Consumer Goods,NSE,
BRITANNIA,Britannia Industries,Fast Moving Consumer Goods,NSE,
DABUR,Dabur India,Fast Moving Consumer Goods,NSE,
MARICO,Marico,Fast Moving Consumer Goods,NSE,
TATACONSUM,Tata Consumer Products,Fast Moving Consumer Goods,NSE,
COLPAL,Colgate-Palmolive India,Fast Moving Consumer Goods,NSE,
GODREJCP,Godrej Consumer Products,Fast Moving Consumer Goods,NSE,
MARUTI,Maruti Suzuki India,Automobile and Auto Components,NSE,
TMPV,Tata Motors Passenger Vehicles,Automobile and Auto Components,NSE,
TMCV,Tata Motors (Commercial Vehicles),Automobile and Auto Components,NSE,
M&M,Mahindra & Mahindra,Automobile and Auto Components,NSE,
BAJAJ-AUTO,Bajaj Auto,Automobile and Auto Components,NSE,
EICHERMOT,Eicher Motors,Automobile and Auto Components,NSE,
HEROMOTOCO,Hero MotoCorp,Automobile and Auto Components,NSE,
TVSMOTOR,TVS Motor Company,Automobile and Auto Components,NSE,
BOSCHLTD,Bosch,Automobile and Auto Components,NSE,
MOTHERSON,Samvardhana Motherson International,Automobile and Auto Components,NSE,
SUNPHARMA,Sun Pharmaceutical Industries,Healthcare,NSE,
DRREDDY,Dr. Reddys Laboratories,Healthcare,NSE,
CIPLA,Cipla,Healthcare,NSE,
DIVISLAB,Divis Laboratories,Healthcare,NSE,
APOLLOHOSP,Apollo Hospitals Enterprise,Healthcare,NSE,
LUPIN,Lupin,Healthcare,NSE,
AUROPHARMA,Aurobindo Pharma,Healthcare,NSE,
BIOCON,Biocon,Healthcare,NSE,
MAXHEALTH,Max Healthcare Institute,Healthcare,NSE,
TATASTEEL,Tata Steel,Metals & Mining,NSE,
JSWSTEEL,JSW Steel,Metals & Mining,NSE,
HINDALCO,Hindalco Industries,Metals & Mining,NSE,
VEDL,Vedanta,Metals & Mining,NSE,
COALINDIA,Coal India,Metals & Mining,NSE,
JINDALSTEL,Jindal Steel & Power,Metals & Mining,NSE,
SAIL,Steel Authority of India,Metals & Mining,NSE,
NMDC,NMDC,Metals & Mining,NSE,
NTPC,NTPC,Power,NSE,
POWERGRID,Power Grid Corporation of India,Power,NSE,
TATAPOWER,Tata Power Company,Power,NSE,
ADANIPOWER,Adani Power,Power,NSE,
NHPC,NHPC,Power,NSE,
LT,Larsen & Toubro,Capital Goods,NSE,
SIEMENS,Siemens,Capital Goods,NSE,
ABB,ABB India,Capital Goods,NSE,
BHEL,Bharat Heavy Electricals,Capital Goods,NSE,
CUMMINSIND,Cummins India,Capital Goods,NSE,
HAL,Hindustan Aeronautics,Capital Goods,NSE,
BEL,Bharat Electronics,Capital Goods,NSE,
ULTRACEMCO,UltraTech Cement,Construction Materials,NSE,
SHREECEM,Shree Cement,Construction Materials,NSE,
AMBUJACEM,Ambuja Cements,Construction Materials,NSE,
ACC,ACC Limited,Construction Materials,NSE,
GRASIM,Grasim Industries,Construction Materials,NSE,
DLF,DLF,Realty,NSE,
GODREJPROP,Godrej Properties,Realty,NSE,
OBEROIRLTY,Oberoi Realty,Realty,NSE,
PRESTIGE,Prestige Estates Projects,Realty,NSE,
BHARTIARTL,Bharti Airtel,Telecommunication,NSE,
IDEA,Vodafone Idea,Telecommunication,NSE,
INDUSTOWER,Indus Towers,Telecommunication,NSE,
ASIANPAINT,Asian Paints,Consumer Durables,NSE,
TITAN,Titan Company,Consumer Durables,NSE,
HAVELLS,Havells India,Consumer Durables,NSE,
VOLTAS,Voltas,Consumer Durables,NSE,
DIXON,Dixon Technologies,Consumer Durables,NSE,
CROMPTON,Crompton Greaves Consumer Electricals,Consumer Durables,NSE,
TRENT,Trent,Consumer Services,NSE,
ETERNAL,Eternal (ex-Zomato),Consumer Services,NSE,
NAUKRI,Info Edge India,Consumer Services,NSE,
IRCTC,Indian Railway Catering & Tourism Corp,Consumer Services,NSE,
JUBLFOOD,Jubilant FoodWorks,Consumer Services,NSE,
UPL,UPL,Chemicals,NSE,
PIDILITIND,Pidilite Industries,Chemicals,NSE,
SRF,SRF,Chemicals,NSE,
AARTIIND,Aarti Industries,Chemicals,NSE,
DEEPAKNTR,Deepak Nitrite,Chemicals,NSE,
PVRINOX,PVR INOX,Media Entertainment & Publication,NSE,
ZEEL,Zee Entertainment Enterprises,Media Entertainment & Publication,NSE,
SUNTV,Sun TV Network,Media Entertainment & Publication,NSE,
ADANIENT,Adani Enterprises,Diversified,NSE,
ADANIPORTS,Adani Ports and Special Economic Zone,Services,NSE,
CONCOR,Container Corporation of India,Services,NSE,
INDIGO,InterGlobe Aviation,Services,NSE,
TRIDENT,Trident,Textiles,NSE,
PAGEIND,Page Industries,Textiles,NSE,
RAYMOND,Raymond,Textiles,NSE,
500325,Reliance Industries (BSE),Oil Gas & Consumable Fuels,BSE,500325.BO
532540,Tata Consultancy Services (BSE),Information Technology,BSE,532540.BO
500209,Infosys (BSE),Information Technology,BSE,500209.BO
500180,HDFC Bank (BSE),Financial Services,BSE,500180.BO
532174,ICICI Bank (BSE),Financial Services,BSE,532174.BO
500112,State Bank of India (BSE),Financial Services,BSE,500112.BO
500875,ITC Limited (BSE),Fast Moving Consumer Goods,BSE,500875.BO
500696,Hindustan Unilever (BSE),Fast Moving Consumer Goods,BSE,500696.BO
500510,Larsen & Toubro (BSE),Capital Goods,BSE,500510.BO
532500,Maruti Suzuki India (BSE),Automobile and Auto Components,BSE,532500.BO
524715,Sun Pharmaceutical Industries (BSE),Healthcare,BSE,524715.BO
500570,Tata Motors Passenger Vehicles (BSE),Automobile and Auto Components,BSE,500570.BO
544569,Tata Motors Commercial Vehicles (BSE),Automobile and Auto Components,BSE,544569.BO
507685,Wipro (BSE),Information Technology,BSE,507685.BO
500820,Asian Paints (BSE),Consumer Durables,BSE,500820.BO
500247,Kotak Mahindra Bank (BSE),Financial Services,BSE,500247.BO
532215,Axis Bank (BSE),Financial Services,BSE,532215.BO
532281,HCL Technologies (BSE),Information Technology,BSE,532281.BO
543320,Eternal ex-Zomato (BSE),Consumer Services,BSE,543320.BO
540005,LTM Limited ex-LTIMindtree (BSE),Information Technology,BSE,540005.BO
